{
  "LR": {
    "accuracy": 0.9051586906525317,
    "precision": 0.0,
    "recall": 0.0,
    "f1": 0.0
  },
  "LDA": {
    "accuracy": 0.8801174354070065,
    "precision": 0.179884045302035,
    "recall": 0.07418462125710408,
    "f1": 0.10504742636432907
  },
  "RandomForest": {
    "accuracy": 0.9851687266635091,
    "precision": 0.9582491000719943,
    "recall": 0.8820510645517008,
    "f1": 0.9185725840513017
  },
  "MLP (Deep Learning)": {
    "accuracy": 0.9328255996717681,
    "precision": 0.6023458163299469,
    "recall": 0.8584379506319451,
    "f1": 0.7079439405565283
  },
  "Ensemble (Manual)": {
    "accuracy": 0.9847901136241363,
    "precision": 0.9564881535712227,
    "recall": 0.8796441598099923,
    "f1": 0.916458157274078
  }
}